Protein,Sample,MFI
WT,A1 S no BV 21U3559431.fcs,4357
WT,A2 S no BV 21U3556861.fcs,3913
WT,A3 S no BV 21U3632061.fcs,7586
WT,A4 S no BV 21U3663771.fcs,5639
WT,A5 S no BV 21U3631691.fcs,4569
WT,A6 S no BV 21U3611031.fcs,2755
WT,A7 S no BV 21U3549631.fcs,493
WT,A9 S no BV 21U3638821.fcs,1116
WT,A10 S no BV 21U3647611.fcs,332
WT,B1 S no BV 21U3631551.fcs,6007
WT,B2 S no BV 21U3645411.fcs,4039
WT,B3 S no BV 21U3665981.fcs,2147
WT,B4 S no BV 21U3651921.fcs,2800
WT,B5 S no BV 21U3633261.fcs,2186
WT,B6 S no BV 21U3639231.fcs,3607
WT,B7 S no BV 21U3543251.fcs,912
WT,B8 S no BV 21U3617571.fcs,374
WT+BLV,C1 S BV 21U3559431.fcs,2987
WT+BLV,C2 S BV 21U3556861.fcs,2779
WT+BLV,C3 S BV 21U3632061.fcs,6457
WT+BLV,C4 S BV 21U3663771.fcs,3720
WT+BLV,C5 S BV 21U3631691.fcs,2882
WT+BLV,C6 S BV 21U3611031.fcs,1390
WT+BLV,C7 S BV 21U3549631.fcs,351
WT+BLV,C9 S BV 21U3638821.fcs,949
WT+BLV,C10 S BV 21U3647611.fcs,209
WT+BLV,D1 S BV 21U3631551.fcs,3694
WT+BLV,D2 S BV 21U3645411.fcs,3005
WT+BLV,D3 S BV 21U3665981.fcs,1362
WT+BLV,D4 S BV 21U3651921.fcs,1533
WT+BLV,D5 S BV 21U3633261.fcs,1196
WT+BLV,D6 S BV 21U3639231.fcs,2500
WT+BLV,D7 S BV 21U3543251.fcs,817
WT+BLV,D8 S BV 21U3617571.fcs,273
MUTANT,E1 S N121Q no BV 21U3559431.fcs,3727
MUTANT,E2 S N121Q no BV 21U3556861.fcs,3530
MUTANT,E3 S N121Q no BV 21U3632061.fcs,5058
MUTANT,E4 S N121Q no BV 21U3663771.fcs,3909
MUTANT,E5 S N121Q no BV 21U3631691.fcs,3614
MUTANT,E6 S N121Q no BV 21U3611031.fcs,1855
MUTANT,E7 S N121Q no BV 21U3549631.fcs,301
MUTANT,E9 S N121Q no BV 21U3638821.fcs,891
MUTANT,E10 S N121Q no BV 21U3647611.fcs,278
MUTANT,F1 S N121Q no BV 21U3631551.fcs,4655
MUTANT,F2 S N121Q no BV 21U3645411.fcs,3613
MUTANT,F3 S N121Q no BV 21U3665981.fcs,1679
MUTANT,F4 S N121Q no BV 21U3651921.fcs,2140
MUTANT,F5 S N121Q no BV 21U3633261.fcs,1871
MUTANT,F6 S N121Q no BV 21U3639231.fcs,3251
MUTANT,F7 S N121Q no BV 21U3543251.fcs,847
MUTANT,F8 S N121Q no BV 21U3617571.fcs,424
MUTANT+BLV,G1 S N121Q BV 21U3559431.fcs,3514
MUTANT+BLV,G2 S N121Q BV 21U3556861.fcs,3580
MUTANT+BLV,G3 S N121Q BV 21U3632061.fcs,5295
MUTANT+BLV,G4 S N121Q BV 21U3663771.fcs,3857
MUTANT+BLV,G5 S N121Q BV 21U3631691.fcs,3983
MUTANT+BLV,G6 S N121Q BV 21U3611031.fcs,2057
MUTANT+BLV,G7 S N121Q BV 21U3549631.fcs,314
MUTANT+BLV,G9 S N121Q BV 21U3638821.fcs,839
MUTANT+BLV,G10 S N121Q BV 21U3647611.fcs,242
MUTANT+BLV,H1 S N121Q BV 21U3631551.fcs,4616
MUTANT+BLV,H2 S N121Q BV 21U3645411.fcs,3209
MUTANT+BLV,H3 S N121Q BV 21U3665981.fcs,1466
MUTANT+BLV,H4 S N121Q BV 21U3651921.fcs,2096
MUTANT+BLV,H5 S N121Q BV 21U3633261.fcs,1852
MUTANT+BLV,H6 S N121Q BV 21U3639231.fcs,3122
MUTANT+BLV,H7 S N121Q BV 21U3543251.fcs,808
MUTANT+BLV,H8 S N121Q BV 21U3617571.fcs,405
